Chave;Nome;OutrosDados
17;Nome_17;Dados_17
14;Nome_14;Dados_14
5;Nome_5;Dados_5
26;Nome_26;Dados_26
16;Nome_16;Dados_16
1;Nome_1;Dados_1
11;Nome_11;Dados_11
23;Nome_23;Dados_23
2;Nome_2;Dados_2
47;Nome_47;Dados_47
15;Nome_15;Dados_15
10;Nome_10;Dados_10
25;Nome_25;Dados_25
19;Nome_19;Dados_19
39;Nome_39;Dados_39
36;Nome_36;Dados_36
30;Nome_30;Dados_30
21;Nome_21;Dados_21
18;Nome_18;Dados_18
48;Nome_48;Dados_48
49;Nome_49;Dados_49
33;Nome_33;Dados_33
4;Nome_4;Dados_4
42;Nome_42;Dados_42
9;Nome_9;Dados_9
8;Nome_8;Dados_8
20;Nome_20;Dados_20
6;Nome_6;Dados_6
34;Nome_34;Dados_34
13;Nome_13;Dados_13
44;Nome_44;Dados_44
22;Nome_22;Dados_22
28;Nome_28;Dados_28
3;Nome_3;Dados_3
37;Nome_37;Dados_37
12;Nome_12;Dados_12
24;Nome_24;Dados_24
32;Nome_32;Dados_32
29;Nome_29;Dados_29
7;Nome_7;Dados_7
31;Nome_31;Dados_31
43;Nome_43;Dados_43
40;Nome_40;Dados_40
38;Nome_38;Dados_38
45;Nome_45;Dados_45
27;Nome_27;Dados_27
35;Nome_35;Dados_35
46;Nome_46;Dados_46
41;Nome_41;Dados_41
