Chave;Nome;OutrosDados
1;Nome_1;Dados_1
2;Nome_2;Dados_2
3;Nome_3;Dados_3
4;Nome_4;Dados_4
5;Nome_5;Dados_5
6;Nome_6;Dados_6
7;Nome_7;Dados_7
8;Nome_8;Dados_8
9;Nome_9;Dados_9
10;Nome_10;Dados_10
11;Nome_11;Dados_11
12;Nome_12;Dados_12
13;Nome_13;Dados_13
14;Nome_14;Dados_14
15;Nome_15;Dados_15
16;Nome_16;Dados_16
17;Nome_17;Dados_17
18;Nome_18;Dados_18
19;Nome_19;Dados_19
20;Nome_20;Dados_20
21;Nome_21;Dados_21
22;Nome_22;Dados_22
23;Nome_23;Dados_23
24;Nome_24;Dados_24
25;Nome_25;Dados_25
26;Nome_26;Dados_26
27;Nome_27;Dados_27
28;Nome_28;Dados_28
29;Nome_29;Dados_29
30;Nome_30;Dados_30
31;Nome_31;Dados_31
32;Nome_32;Dados_32
33;Nome_33;Dados_33
34;Nome_34;Dados_34
35;Nome_35;Dados_35
36;Nome_36;Dados_36
37;Nome_37;Dados_37
38;Nome_38;Dados_38
39;Nome_39;Dados_39
40;Nome_40;Dados_40
41;Nome_41;Dados_41
42;Nome_42;Dados_42
43;Nome_43;Dados_43
44;Nome_44;Dados_44
45;Nome_45;Dados_45
46;Nome_46;Dados_46
47;Nome_47;Dados_47
48;Nome_48;Dados_48
49;Nome_49;Dados_49
